a,b,fitness,generation
2.1176470588235294,2.4901960784313726,6.9746251441753175,0
2.0392156862745097,2.019607843137255,6.178008458285274,0
1.0588235294117647,-0.6862745098039218,1.807381776239908,0
1.0588235294117647,4.333333333333334,5.45444059976932,0
2.1176470588235294,2.019607843137255,6.5040369088812,0
2.1176470588235294,2.019607843137255,6.5040369088812,0
1.0588235294117647,4.333333333333334,5.45444059976932,0
2.1176470588235294,2.019607843137255,6.5040369088812,0
1.0588235294117647,4.1764705882352935,5.29757785467128,0
2.6666666666666665,1.1960784313725492,8.307189542483659,0
0.6274509803921569,3.0784313725490193,3.472126105344098,1
2.3137254901960786,4.529411764705882,9.882737408688968,1
1.0588235294117647,-0.6862745098039218,1.807381776239908,1
1.0588235294117647,4.333333333333334,5.45444059976932,1
1.0196078431372548,4.333333333333334,5.3729334871203385,1
1.0588235294117647,4.333333333333334,5.45444059976932,1
1.0588235294117647,-0.6862745098039218,1.807381776239908,1
1.0588235294117647,4.333333333333334,5.45444059976932,1
1.0588235294117647,4.333333333333334,5.45444059976932,1
1.0588235294117647,-0.6862745098039218,1.807381776239908,1
1.0588235294117647,-0.6862745098039218,1.807381776239908,2
1.0588235294117647,-0.6862745098039218,1.807381776239908,2
0.6274509803921569,3.0784313725490193,3.472126105344098,2
2.3137254901960786,-0.6862745098039218,6.039600153787006,2
6.078431372549019,-0.6862745098039218,37.63360246059208,2
1.0588235294117647,-0.6862745098039218,1.807381776239908,2
1.0588235294117647,-0.6862745098039218,1.807381776239908,2
1.0588235294117647,-0.6862745098039218,1.807381776239908,2
1.0588235294117647,-0.6862745098039218,1.807381776239908,2
1.0588235294117647,-0.6862745098039218,1.807381776239908,2
1.0588235294117647,-0.6862745098039218,1.807381776239908,3
1.0588235294117647,-0.6862745098039218,1.807381776239908,3
1.0588235294117647,-0.6862745098039218,1.807381776239908,3
1.0588235294117647,-0.6862745098039218,1.807381776239908,3
1.0588235294117647,-0.6862745098039218,1.807381776239908,3
1.0588235294117647,-0.6862745098039218,1.807381776239908,3
0.7450980392156863,-0.6862745098039218,1.2414455978469823,3
1.0588235294117647,-0.6862745098039218,1.807381776239908,3
1.0588235294117647,-0.6862745098039218,1.807381776239908,3
1.0588235294117647,-0.6862745098039218,1.807381776239908,3
1.0588235294117647,-0.6862745098039218,1.807381776239908,4
1.0588235294117647,-0.6862745098039218,1.807381776239908,4
1.0588235294117647,-0.6862745098039218,1.807381776239908,4
0.7450980392156863,-0.6862745098039218,1.2414455978469823,4
1.0588235294117647,-0.6862745098039218,1.807381776239908,4
1.0588235294117647,-0.8431372549019605,1.9642445213379467,4
0.7450980392156863,-0.6862745098039218,1.2414455978469823,4
1.0588235294117647,-0.6862745098039218,1.807381776239908,4
1.0588235294117647,-0.6862745098039218,1.807381776239908,4
0.9803921568627451,-0.6862745098039218,1.647443291041907,4
1.0588235294117647,-0.6862745098039218,1.807381776239908,5
0.7450980392156863,-0.6862745098039218,1.2414455978469823,5
0.7450980392156863,-0.6862745098039218,1.2414455978469823,5
0.7450980392156863,-0.6862745098039218,1.2414455978469823,5
0.7450980392156863,-0.6862745098039218,1.2414455978469823,5
1.0588235294117647,-0.6862745098039218,1.807381776239908,5
0.7450980392156863,-0.6862745098039218,1.2414455978469823,5
0.7450980392156863,-0.6862745098039218,1.2414455978469823,5
1.0588235294117647,-0.6862745098039218,1.807381776239908,5
1.0588235294117647,-0.6862745098039218,1.807381776239908,5
0.7450980392156863,-0.6862745098039218,1.2414455978469823,6
0.7450980392156863,-0.6862745098039218,1.2414455978469823,6
0.7450980392156863,-0.6862745098039218,1.2414455978469823,6
0.7450980392156863,-0.6862745098039218,1.2414455978469823,6
0.7450980392156863,-0.6862745098039218,1.2414455978469823,6
0.7450980392156863,-0.6862745098039218,1.2414455978469823,6
0.7450980392156863,-0.6862745098039218,1.2414455978469823,6
0.7450980392156863,-0.6862745098039218,1.2414455978469823,6
0.7450980392156863,-0.6862745098039218,1.2414455978469823,6
0.7450980392156863,-0.6862745098039218,1.2414455978469823,6
0.7450980392156863,-0.6862745098039218,1.2414455978469823,7
0.7450980392156863,-0.6862745098039218,1.2414455978469823,7
0.7450980392156863,-0.6862745098039218,1.2414455978469823,7
0.7450980392156863,-0.6862745098039218,1.2414455978469823,7
0.7450980392156863,-0.7647058823529411,1.3198769703960016,7
0.7450980392156863,-0.6862745098039218,1.2414455978469823,7
0.7450980392156863,-0.6862745098039218,1.2414455978469823,7
0.7450980392156863,-0.9607843137254903,1.5159554017685508,7
0.7450980392156863,-0.6862745098039218,1.2414455978469823,7
0.9019607843137255,-0.6862745098039218,1.4998077662437526,7
0.7450980392156863,-0.6862745098039218,1.2414455978469823,8
0.7450980392156863,-0.6862745098039218,1.2414455978469823,8
0.7450980392156863,-0.6862745098039218,1.2414455978469823,8
0.7450980392156863,-0.6862745098039218,1.2414455978469823,8
0.7450980392156863,-0.6862745098039218,1.2414455978469823,8
0.11764705882352941,-0.7647058823529411,0.7785467128027681,8
0.7450980392156863,-0.6862745098039218,1.2414455978469823,8
0.7450980392156863,-0.6862745098039218,1.2414455978469823,8
0.7450980392156863,-0.6862745098039218,1.2414455978469823,8
0.7450980392156863,-0.6862745098039218,1.2414455978469823,8
0.11764705882352941,-0.7647058823529411,0.7785467128027681,9
0.7450980392156863,-0.6862745098039218,1.2414455978469823,9
1.0588235294117647,-0.6862745098039218,1.807381776239908,9
0.7450980392156863,-0.6862745098039218,1.2414455978469823,9
0.7450980392156863,-0.6862745098039218,1.2414455978469823,9
0.11764705882352941,-1.0784313725490198,1.0922722029988468,9
0.7450980392156863,-0.6862745098039218,1.2414455978469823,9
0.7450980392156863,-0.6862745098039218,1.2414455978469823,9
0.11764705882352941,-0.7647058823529411,0.7785467128027681,9
0.7450980392156863,-0.6862745098039218,1.2414455978469823,9
0.7450980392156863,-0.6862745098039218,1.2414455978469823,10
0.7450980392156863,-0.6862745098039218,1.2414455978469823,10
5.137254901960785,-0.7647058823529411,27.156093810073052,10
0.7450980392156863,4.372549019607844,4.927720107650904,10
0.0784313725490196,-1.0784313725490198,1.084582852748943,10
0.11764705882352941,-0.7647058823529411,0.7785467128027681,10
0.11764705882352941,-0.7647058823529411,0.7785467128027681,10
0.11764705882352941,-1.0784313725490198,1.0922722029988468,10
0.11764705882352941,-0.7647058823529411,0.7785467128027681,10
0.11764705882352941,-0.7647058823529411,0.7785467128027681,10
0.0784313725490196,-1.0784313725490198,1.084582852748943,11
0.0784313725490196,-1.0784313725490198,1.084582852748943,11
0.11764705882352941,-0.7647058823529411,0.7785467128027681,11
0.11764705882352941,-2.019607843137255,2.033448673587082,11
0.11764705882352941,-2.019607843137255,2.033448673587082,11
0.11764705882352941,-1.0784313725490198,1.0922722029988468,11
0.11764705882352941,-0.7647058823529411,0.7785467128027681,11
0.11764705882352941,-0.7647058823529411,0.7785467128027681,11
0.11764705882352941,-0.7647058823529411,0.7785467128027681,11
0.11764705882352941,-0.7647058823529411,0.7785467128027681,11
0.11764705882352941,-0.7647058823529411,0.7785467128027681,12
0.11764705882352941,-0.7647058823529411,0.7785467128027681,12
0.11764705882352941,-0.7647058823529411,0.7785467128027681,12
0.11764705882352941,-0.7647058823529411,0.7785467128027681,12
0.11764705882352941,-1.0784313725490198,1.0922722029988468,12
0.0784313725490196,-0.7647058823529411,0.7708573625528642,12
0.11764705882352941,-0.7647058823529411,0.7785467128027681,12
0.11764705882352941,-1.0784313725490198,1.0922722029988468,12
0.11764705882352941,-0.7647058823529411,0.7785467128027681,12
0.11764705882352941,-0.7647058823529411,0.7785467128027681,12
0.11764705882352941,-0.7647058823529411,0.7785467128027681,13
0.11764705882352941,-0.7647058823529411,0.7785467128027681,13
0.0784313725490196,-0.7647058823529411,0.7708573625528642,13
0.11764705882352941,-0.7647058823529411,0.7785467128027681,13
0.11764705882352941,-0.7647058823529411,0.7785467128027681,13
0.11764705882352941,-0.7647058823529411,0.7785467128027681,13
0.11764705882352941,-0.7647058823529411,0.7785467128027681,13
0.11764705882352941,-0.7647058823529411,0.7785467128027681,13
0.11764705882352941,-0.7647058823529411,0.7785467128027681,13
0.11764705882352941,-0.7647058823529411,0.7785467128027681,13
0.11764705882352941,-0.7647058823529411,0.7785467128027681,14
0.0784313725490196,-0.7647058823529411,0.7708573625528642,14
0.11764705882352941,-0.7647058823529411,0.7785467128027681,14
0.0784313725490196,-0.7647058823529411,0.7708573625528642,14
0.11764705882352941,-0.7647058823529411,0.7785467128027681,14
0.0784313725490196,-0.7647058823529411,0.7708573625528642,14
0.11764705882352941,-0.7647058823529411,0.7785467128027681,14
0.11764705882352941,-0.7647058823529411,0.7785467128027681,14
0.11764705882352941,-0.6862745098039218,0.7001153402537488,14
0.0784313725490196,-0.7647058823529411,0.7708573625528642,14
0.0784313725490196,-0.7647058823529411,0.7708573625528642,15
0.11764705882352941,-0.7647058823529411,0.7785467128027681,15
0.11764705882352941,-0.6862745098039218,0.7001153402537488,15
0.39215686274509803,-0.7647058823529411,0.9184928873510187,15
0.11764705882352941,-0.6862745098039218,0.7001153402537488,15
0.0784313725490196,-0.7647058823529411,0.7708573625528642,15
0.0784313725490196,-0.7647058823529411,0.7708573625528642,15
0.0784313725490196,-0.7647058823529411,0.7708573625528642,15
0.0784313725490196,-0.7647058823529411,0.7708573625528642,15
0.11764705882352941,-0.6862745098039218,0.7001153402537488,15
0.11764705882352941,-0.6862745098039218,0.7001153402537488,16
0.0784313725490196,-0.7647058823529411,0.7708573625528642,16
0.11764705882352941,-0.6862745098039218,0.7001153402537488,16
0.0784313725490196,-0.13725490196078471,0.14340638216070783,16
0.11764705882352941,-0.6862745098039218,0.7001153402537488,16
0.11764705882352941,-0.6862745098039218,0.7001153402537488,16
0.11764705882352941,-1.9411764705882355,1.9550173010380625,16
0.0784313725490196,-3.196078431372549,3.202229911572472,16
0.11764705882352941,-0.6862745098039218,0.7001153402537488,16
0.0784313725490196,-0.7647058823529411,0.7708573625528642,16
0.11764705882352941,-0.6862745098039218,0.7001153402537488,17
0.11764705882352941,-0.6862745098039218,0.7001153402537488,17
0.0784313725490196,-0.7647058823529411,0.7708573625528642,17
0.0784313725490196,-0.13725490196078471,0.14340638216070783,17
0.7450980392156863,-0.8431372549019605,1.398308342945021,17
0.0784313725490196,-0.6862745098039218,0.6924259900038449,17
0.0784313725490196,-0.0588235294117645,0.0649750096116876,17
0.11764705882352941,-0.7647058823529411,0.7785467128027681,17
0.11764705882352941,-0.6862745098039218,0.7001153402537488,17
0.11764705882352941,-0.6862745098039218,0.7001153402537488,17
0.11764705882352941,-0.6862745098039218,0.7001153402537488,18
0.0784313725490196,-0.13725490196078471,0.14340638216070783,18
0.0784313725490196,-0.0588235294117645,0.0649750096116876,18
0.0784313725490196,-0.6862745098039218,0.6924259900038449,18
0.0784313725490196,-0.0588235294117645,0.0649750096116876,18
0.0784313725490196,-0.13725490196078471,0.14340638216070783,18
0.0784313725490196,-0.0588235294117645,0.0649750096116876,18
0.0784313725490196,-0.13725490196078471,0.14340638216070783,18
0.0784313725490196,-0.0588235294117645,0.0649750096116876,18
0.0784313725490196,-0.0588235294117645,0.0649750096116876,18
0.0784313725490196,-0.0588235294117645,0.0649750096116876,19
0.0784313725490196,-0.0588235294117645,0.0649750096116876,19
0.0784313725490196,-0.0588235294117645,0.0649750096116876,19
0.0784313725490196,-0.0588235294117645,0.0649750096116876,19
0.0784313725490196,-0.0588235294117645,0.0649750096116876,19
0.0784313725490196,-0.0588235294117645,0.0649750096116876,19
0.0784313725490196,-0.0588235294117645,0.0649750096116876,19
0.0784313725490196,-0.0588235294117645,0.0649750096116876,19
0.0784313725490196,-0.0588235294117645,0.0649750096116876,19
0.23529411764705882,-2.6470588235294117,2.7024221453287196,19
0.0784313725490196,-0.0588235294117645,0.0649750096116876,20
0.0784313725490196,-0.0588235294117645,0.0649750096116876,20
5.098039215686274,-0.0588235294117645,26.048827374086887,20
0.0784313725490196,-0.0588235294117645,0.0649750096116876,20
0.0784313725490196,-0.0588235294117645,0.0649750096116876,20
0.0784313725490196,-0.0588235294117645,0.0649750096116876,20
0.0784313725490196,-0.0588235294117645,0.0649750096116876,20
0.0784313725490196,-0.13725490196078471,0.14340638216070783,20
0.0784313725490196,-0.0588235294117645,0.0649750096116876,20
0.0784313725490196,-0.0588235294117645,0.0649750096116876,20
0.0784313725490196,-0.0588235294117645,0.0649750096116876,21
0.0784313725490196,-0.0588235294117645,0.0649750096116876,21
0.0784313725490196,-0.0588235294117645,0.0649750096116876,21
0.0784313725490196,-0.0588235294117645,0.0649750096116876,21
0.0784313725490196,-0.0588235294117645,0.0649750096116876,21
0.7058823529411765,-0.0588235294117645,0.5570934256055362,21
2.5098039215686274,-0.0588235294117645,6.357939254133026,21
0.0784313725490196,-0.0588235294117645,0.0649750096116876,21
0.0784313725490196,-0.0588235294117645,0.0649750096116876,21
2.9019607843137254,-0.0588235294117645,8.480199923106497,21
0.7058823529411765,-0.0588235294117645,0.5570934256055362,22
0.0784313725490196,-0.0588235294117645,0.0649750096116876,22
0.0784313725490196,-0.0588235294117645,0.0649750096116876,22
0.0784313725490196,-0.0588235294117645,0.0649750096116876,22
0.0784313725490196,-2.5686274509803924,2.5747789311803153,22
0.0784313725490196,-0.0588235294117645,0.0649750096116876,22
0.0784313725490196,-0.0588235294117645,0.0649750096116876,22
0.0784313725490196,-0.0588235294117645,0.0649750096116876,22
2.588235294117647,-0.6470588235294121,7.346020761245676,22
0.0784313725490196,-0.0588235294117645,0.0649750096116876,22
0.0784313725490196,-0.0588235294117645,0.0649750096116876,23
0.0784313725490196,-0.0588235294117645,0.0649750096116876,23
0.0784313725490196,-0.0588235294117645,0.0649750096116876,23
0.0784313725490196,-0.0588235294117645,0.0649750096116876,23
0.0784313725490196,-0.0588235294117645,0.0649750096116876,23
0.0784313725490196,-0.0588235294117645,0.0649750096116876,23
0.0784313725490196,-0.0588235294117645,0.0649750096116876,23
0.0784313725490196,-0.0588235294117645,0.0649750096116876,23
0.0784313725490196,-0.0588235294117645,0.0649750096116876,23
0.0784313725490196,-0.0588235294117645,0.0649750096116876,23
0.0784313725490196,-0.0588235294117645,0.0649750096116876,24
0.0784313725490196,-0.0588235294117645,0.0649750096116876,24
0.39215686274509803,-0.0588235294117645,0.21261053440984215,24
0.0784313725490196,-0.0588235294117645,0.0649750096116876,24
0.0784313725490196,-0.0588235294117645,0.0649750096116876,24
0.0784313725490196,-0.0588235294117645,0.0649750096116876,24
0.0784313725490196,-0.0588235294117645,0.0649750096116876,24
0.0784313725490196,-0.0588235294117645,0.0649750096116876,24
0.0784313725490196,-0.0588235294117645,0.0649750096116876,24
0.0784313725490196,-0.0588235294117645,0.0649750096116876,24
0.0784313725490196,-0.0588235294117645,0.0649750096116876,25
0.0784313725490196,-0.0588235294117645,0.0649750096116876,25
0.0784313725490196,-0.0588235294117645,0.0649750096116876,25
0.0784313725490196,-0.0588235294117645,0.0649750096116876,25
0.0784313725490196,-0.0588235294117645,0.0649750096116876,25
0.0784313725490196,-0.0588235294117645,0.0649750096116876,25
0.0784313725490196,-0.0588235294117645,0.0649750096116876,25
0.0784313725490196,-0.0588235294117645,0.0649750096116876,25
0.0784313725490196,-0.0588235294117645,0.0649750096116876,25
0.0784313725490196,-0.0588235294117645,0.0649750096116876,25
0.0784313725490196,-0.0588235294117645,0.0649750096116876,26
0.0784313725490196,-0.0588235294117645,0.0649750096116876,26
0.0784313725490196,-0.0588235294117645,0.0649750096116876,26
0.0784313725490196,-0.0588235294117645,0.0649750096116876,26
0.0784313725490196,-0.0588235294117645,0.0649750096116876,26
0.0784313725490196,-0.0588235294117645,0.0649750096116876,26
0.0784313725490196,-0.0588235294117645,0.0649750096116876,26
0.0784313725490196,-0.0588235294117645,0.0649750096116876,26
0.0784313725490196,-0.0588235294117645,0.0649750096116876,26
0.0784313725490196,-0.0588235294117645,0.0649750096116876,26
0.0784313725490196,-0.0588235294117645,0.0649750096116876,27
0.0784313725490196,-0.0588235294117645,0.0649750096116876,27
0.0784313725490196,-0.0588235294117645,0.0649750096116876,27
0.0784313725490196,-0.0588235294117645,0.0649750096116876,27
0.0784313725490196,-0.0588235294117645,0.0649750096116876,27
0.0784313725490196,-0.0588235294117645,0.0649750096116876,27
0.0784313725490196,-0.0588235294117645,0.0649750096116876,27
0.0784313725490196,-0.0588235294117645,0.0649750096116876,27
0.0784313725490196,-0.0588235294117645,0.0649750096116876,27
0.0784313725490196,-0.0588235294117645,0.0649750096116876,27
0.0784313725490196,-0.0588235294117645,0.0649750096116876,28
0.0784313725490196,-0.0588235294117645,0.0649750096116876,28
0.0784313725490196,-0.0588235294117645,0.0649750096116876,28
0.0784313725490196,-0.0588235294117645,0.0649750096116876,28
0.0784313725490196,-0.13725490196078471,0.14340638216070783,28
0.0784313725490196,-0.0588235294117645,0.0649750096116876,28
0.0784313725490196,-0.0588235294117645,0.0649750096116876,28
0.0784313725490196,-0.0588235294117645,0.0649750096116876,28
0.0784313725490196,-0.0588235294117645,0.0649750096116876,28
0.0784313725490196,-0.8431372549019605,0.8492887351018835,28
0.0784313725490196,-0.0588235294117645,0.0649750096116876,29
0.0784313725490196,-0.0588235294117645,0.0649750096116876,29
0.0784313725490196,-0.0588235294117645,0.0649750096116876,29
0.0784313725490196,-0.0588235294117645,0.0649750096116876,29
0.0784313725490196,-0.0588235294117645,0.0649750096116876,29
0.0784313725490196,-0.0588235294117645,0.0649750096116876,29
0.0784313725490196,-0.0588235294117645,0.0649750096116876,29
0.0784313725490196,-0.0588235294117645,0.0649750096116876,29
0.0784313725490196,-0.0588235294117645,0.0649750096116876,29
0.0784313725490196,-0.0588235294117645,0.0649750096116876,29
0.0784313725490196,-0.0588235294117645,0.0649750096116876,30
0.0784313725490196,-0.0588235294117645,0.0649750096116876,30
0.0784313725490196,-0.0588235294117645,0.0649750096116876,30
0.0784313725490196,-0.0588235294117645,0.0649750096116876,30
5.098039215686274,-0.5294117647058822,26.519415609381007,30
0.0784313725490196,-0.0588235294117645,0.0649750096116876,30
0.0784313725490196,-0.0588235294117645,0.0649750096116876,30
0.0784313725490196,-0.0588235294117645,0.0649750096116876,30
0.0784313725490196,-2.5686274509803924,2.5747789311803153,30
0.0784313725490196,-0.0588235294117645,0.0649750096116876,30
0.7058823529411765,-0.0588235294117645,0.5570934256055362,31
0.0784313725490196,-0.0588235294117645,0.0649750096116876,31
0.0784313725490196,-0.0588235294117645,0.0649750096116876,31
0.0784313725490196,-0.0588235294117645,0.0649750096116876,31
0.0784313725490196,-0.0588235294117645,0.0649750096116876,31
0.0784313725490196,-0.0588235294117645,0.0649750096116876,31
0.0784313725490196,-0.0588235294117645,0.0649750096116876,31
0.0784313725490196,-0.0588235294117645,0.0649750096116876,31
5.098039215686274,-2.5686274509803924,28.558631295655516,31
0.0784313725490196,-0.0588235294117645,0.0649750096116876,31
0.0784313725490196,-0.0588235294117645,0.0649750096116876,32
0.0784313725490196,-0.0588235294117645,0.0649750096116876,32
0.0784313725490196,-0.0588235294117645,0.0649750096116876,32
0.0784313725490196,-0.0588235294117645,0.0649750096116876,32
0.0784313725490196,-0.0588235294117645,0.0649750096116876,32
1.3333333333333333,-0.6862745098039218,2.4640522875816995,32
0.0784313725490196,-0.0588235294117645,0.0649750096116876,32
0.0784313725490196,-0.13725490196078471,0.14340638216070783,32
0.0784313725490196,-0.0588235294117645,0.0649750096116876,32
0.0784313725490196,-0.0588235294117645,0.0649750096116876,32
0.0784313725490196,-0.0588235294117645,0.0649750096116876,33
0.0784313725490196,-0.0588235294117645,0.0649750096116876,33
0.0784313725490196,-0.0588235294117645,0.0649750096116876,33
0.0784313725490196,-0.0588235294117645,0.0649750096116876,33
1.3333333333333333,-0.6862745098039218,2.4640522875816995,33
0.0784313725490196,-0.0588235294117645,0.0649750096116876,33
0.0784313725490196,-0.0588235294117645,0.0649750096116876,33
0.0784313725490196,-0.0588235294117645,0.0649750096116876,33
0.0784313725490196,-0.0588235294117645,0.0649750096116876,33
0.0784313725490196,-0.0588235294117645,0.0649750096116876,33
0.0784313725490196,-0.0588235294117645,0.0649750096116876,34
0.0784313725490196,-0.0588235294117645,0.0649750096116876,34
0.0784313725490196,-0.0588235294117645,0.0649750096116876,34
0.0784313725490196,-0.0588235294117645,0.0649750096116876,34
0.0784313725490196,-0.0588235294117645,0.0649750096116876,34
0.0784313725490196,-0.0588235294117645,0.0649750096116876,34
0.0784313725490196,-0.0588235294117645,0.0649750096116876,34
0.0784313725490196,-0.0588235294117645,0.0649750096116876,34
0.0784313725490196,-0.0588235294117645,0.0649750096116876,34
0.0784313725490196,-0.0588235294117645,0.0649750096116876,34
0.0784313725490196,-0.6470588235294121,0.6532103037293352,35
0.0784313725490196,-0.0588235294117645,0.0649750096116876,35
0.0784313725490196,-0.0588235294117645,0.0649750096116876,35
0.0784313725490196,-0.0588235294117645,0.0649750096116876,35
0.0784313725490196,-0.0588235294117645,0.0649750096116876,35
0.0784313725490196,-0.0588235294117645,0.0649750096116876,35
0.0784313725490196,-0.0588235294117645,0.0649750096116876,35
0.23529411764705882,-0.0588235294117645,0.11418685121107246,35
0.0784313725490196,-0.0588235294117645,0.0649750096116876,35
0.0784313725490196,-0.0588235294117645,0.0649750096116876,35
0.11764705882352941,-2.5686274509803924,2.5824682814302196,36
0.0784313725490196,-0.0588235294117645,0.0649750096116876,36
0.0784313725490196,-0.0588235294117645,0.0649750096116876,36
0.0784313725490196,-0.0588235294117645,0.0649750096116876,36
0.0784313725490196,-0.0588235294117645,0.0649750096116876,36
0.0784313725490196,-0.0588235294117645,0.0649750096116876,36
0.0784313725490196,-0.0588235294117645,0.0649750096116876,36
0.0784313725490196,-0.0588235294117645,0.0649750096116876,36
0.0784313725490196,-0.0588235294117645,0.0649750096116876,36
0.0784313725490196,-0.0588235294117645,0.0649750096116876,36
0.0784313725490196,-0.0588235294117645,0.0649750096116876,37
0.0784313725490196,-0.0588235294117645,0.0649750096116876,37
0.0784313725490196,-0.0588235294117645,0.0649750096116876,37
0.0784313725490196,-0.0588235294117645,0.0649750096116876,37
0.0784313725490196,-0.0588235294117645,0.0649750096116876,37
0.0784313725490196,-0.0588235294117645,0.0649750096116876,37
0.0784313725490196,-0.0588235294117645,0.0649750096116876,37
0.0784313725490196,-0.0588235294117645,0.0649750096116876,37
0.0784313725490196,-0.0588235294117645,0.0649750096116876,37
0.0784313725490196,-0.0588235294117645,0.0649750096116876,37
0.0784313725490196,-0.0588235294117645,0.0649750096116876,38
1.3725490196078431,-0.0588235294117645,1.942714340638216,38
0.0784313725490196,-0.0588235294117645,0.0649750096116876,38
0.23529411764705882,4.96078431372549,5.016147635524798,38
0.0784313725490196,-0.0588235294117645,0.0649750096116876,38
0.0784313725490196,-0.0588235294117645,0.0649750096116876,38
0.0784313725490196,-0.0588235294117645,0.0649750096116876,38
0.0784313725490196,-0.0588235294117645,0.0649750096116876,38
0.0784313725490196,-0.0588235294117645,0.0649750096116876,38
0.0,-0.21568627450980404,0.21568627450980404,38
0.0784313725490196,-3.8235294117647056,3.8296808919646286,39
0.0784313725490196,-0.0588235294117645,0.0649750096116876,39
0.0784313725490196,-0.0588235294117645,0.0649750096116876,39
0.0784313725490196,-0.0588235294117645,0.0649750096116876,39
0.0784313725490196,-0.0588235294117645,0.0649750096116876,39
0.0784313725490196,-0.0588235294117645,0.0649750096116876,39
0.0784313725490196,-0.0588235294117645,0.0649750096116876,39
0.0784313725490196,-0.0588235294117645,0.0649750096116876,39
0.0784313725490196,-0.0588235294117645,0.0649750096116876,39
0.0784313725490196,-0.0588235294117645,0.0649750096116876,39
0.0784313725490196,-0.0588235294117645,0.0649750096116876,40
0.0784313725490196,-0.0588235294117645,0.0649750096116876,40
0.0784313725490196,-0.0588235294117645,0.0649750096116876,40
0.0784313725490196,-0.0588235294117645,0.0649750096116876,40
0.0784313725490196,-0.0588235294117645,0.0649750096116876,40
0.0784313725490196,-0.0588235294117645,0.0649750096116876,40
0.0784313725490196,-0.0588235294117645,0.0649750096116876,40
0.0784313725490196,-0.0588235294117645,0.0649750096116876,40
0.0784313725490196,-0.0588235294117645,0.0649750096116876,40
0.0784313725490196,-0.0588235294117645,0.0649750096116876,40
0.0,-0.0588235294117645,0.0588235294117645,41
0.0784313725490196,-0.0588235294117645,0.0649750096116876,41
0.0784313725490196,-0.0588235294117645,0.0649750096116876,41
0.39215686274509803,-0.0588235294117645,0.21261053440984215,41
0.0784313725490196,-0.0588235294117645,0.0649750096116876,41
0.0784313725490196,-0.0588235294117645,0.0649750096116876,41
0.0784313725490196,-1.3137254901960786,1.3198769703960018,41
0.0784313725490196,-0.0588235294117645,0.0649750096116876,41
0.0784313725490196,-0.019607843137254832,0.02575932333717794,41
0.0784313725490196,-0.0588235294117645,0.0649750096116876,41
0.0784313725490196,-0.0588235294117645,0.0649750096116876,42
0.0784313725490196,-0.0588235294117645,0.0649750096116876,42
0.0784313725490196,-0.0588235294117645,0.0649750096116876,42
0.0784313725490196,-0.0588235294117645,0.0649750096116876,42
0.0,-0.0588235294117645,0.0588235294117645,42
0.7058823529411765,3.7058823529411757,4.204152249134948,42
0.0784313725490196,-0.0588235294117645,0.0649750096116876,42
0.0784313725490196,-0.0588235294117645,0.0649750096116876,42
0.0784313725490196,-0.0588235294117645,0.0649750096116876,42
2.5098039215686274,-0.0588235294117645,6.357939254133026,42
0.0784313725490196,-0.019607843137254832,0.02575932333717794,43
0.0,-0.0588235294117645,0.0588235294117645,43
0.0784313725490196,-0.0588235294117645,0.0649750096116876,43
0.0784313725490196,-0.0588235294117645,0.0649750096116876,43
0.0784313725490196,-0.019607843137254832,0.02575932333717794,43
0.0784313725490196,-0.0588235294117645,0.0649750096116876,43
0.0784313725490196,-0.019607843137254832,0.02575932333717794,43
0.0784313725490196,-2.5686274509803924,2.5747789311803153,43
0.0784313725490196,-0.0588235294117645,0.0649750096116876,43
0.0784313725490196,-0.0588235294117645,0.0649750096116876,43
0.0784313725490196,-0.0588235294117645,0.0649750096116876,44
0.0784313725490196,-0.019607843137254832,0.02575932333717794,44
0.11764705882352941,-0.019607843137254832,0.033448673587081826,44
0.0784313725490196,-0.019607843137254832,0.02575932333717794,44
0.0784313725490196,-0.019607843137254832,0.02575932333717794,44
0.0784313725490196,-0.019607843137254832,0.02575932333717794,44
0.0784313725490196,-0.019607843137254832,0.02575932333717794,44
0.0,-0.0588235294117645,0.0588235294117645,44
0.0784313725490196,-0.019607843137254832,0.02575932333717794,44
0.0,-0.0588235294117645,0.0588235294117645,44
0.0784313725490196,-0.019607843137254832,0.02575932333717794,45
0.0784313725490196,-0.0588235294117645,0.0649750096116876,45
0.0784313725490196,-0.019607843137254832,0.02575932333717794,45
0.0784313725490196,-0.019607843137254832,0.02575932333717794,45
0.0784313725490196,-0.019607843137254832,0.02575932333717794,45
0.0784313725490196,-0.019607843137254832,0.02575932333717794,45
0.0784313725490196,-0.019607843137254832,0.02575932333717794,45
0.0784313725490196,-0.019607843137254832,0.02575932333717794,45
0.0784313725490196,-0.019607843137254832,0.02575932333717794,45
0.0784313725490196,-0.019607843137254832,0.02575932333717794,45
0.0784313725490196,-0.019607843137254832,0.02575932333717794,46
0.0784313725490196,-0.019607843137254832,0.02575932333717794,46
0.0784313725490196,-0.019607843137254832,0.02575932333717794,46
0.11764705882352941,-0.019607843137254832,0.033448673587081826,46
0.0784313725490196,-0.019607843137254832,0.02575932333717794,46
0.0784313725490196,-0.019607843137254832,0.02575932333717794,46
0.0784313725490196,-0.019607843137254832,0.02575932333717794,46
0.0784313725490196,-0.019607843137254832,0.02575932333717794,46
0.0784313725490196,-0.019607843137254832,0.02575932333717794,46
0.0784313725490196,-0.019607843137254832,0.02575932333717794,46
0.3137254901960784,-0.019607843137254832,0.11803152633602454,47
0.0784313725490196,-0.019607843137254832,0.02575932333717794,47
0.0784313725490196,-0.019607843137254832,0.02575932333717794,47
0.0784313725490196,-0.17647058823529438,0.1826220684352175,47
0.0784313725490196,-0.019607843137254832,0.02575932333717794,47
0.0784313725490196,-2.5294117647058822,2.535563244905805,47
0.0784313725490196,-0.019607843137254832,0.02575932333717794,47
0.0784313725490196,-0.019607843137254832,0.02575932333717794,47
0.0784313725490196,-0.019607843137254832,0.02575932333717794,47
0.0784313725490196,-0.019607843137254832,0.02575932333717794,47
0.23529411764705882,-0.019607843137254832,0.07497116493656279,48
0.0784313725490196,-0.019607843137254832,0.02575932333717794,48
0.0784313725490196,-0.019607843137254832,0.02575932333717794,48
0.0784313725490196,-0.019607843137254832,0.02575932333717794,48
0.0784313725490196,-0.019607843137254832,0.02575932333717794,48
0.0784313725490196,-0.019607843137254832,0.02575932333717794,48
0.0784313725490196,-0.019607843137254832,0.02575932333717794,48
0.0784313725490196,-0.019607843137254832,0.02575932333717794,48
0.0784313725490196,-0.019607843137254832,0.02575932333717794,48
0.0784313725490196,-0.019607843137254832,0.02575932333717794,48
0.0784313725490196,-0.019607843137254832,0.02575932333717794,49
5.098039215686274,2.333333333333333,28.323337178008455,49
0.0784313725490196,-0.019607843137254832,0.02575932333717794,49
0.0784313725490196,-0.019607843137254832,0.02575932333717794,49
0.0784313725490196,-0.019607843137254832,0.02575932333717794,49
0.11764705882352941,-0.019607843137254832,0.033448673587081826,49
0.0784313725490196,-0.019607843137254832,0.02575932333717794,49
0.0784313725490196,-0.019607843137254832,0.02575932333717794,49
5.098039215686274,-0.019607843137254832,26.009611687812377,49
0.0784313725490196,-0.019607843137254832,0.02575932333717794,49
0.0784313725490196,-0.019607843137254832,0.02575932333717794,50
0.0784313725490196,-0.019607843137254832,0.02575932333717794,50
0.0784313725490196,-0.019607843137254832,0.02575932333717794,50
0.0784313725490196,-0.019607843137254832,0.02575932333717794,50
0.0784313725490196,-0.019607843137254832,0.02575932333717794,50
0.0784313725490196,-0.019607843137254832,0.02575932333717794,50
0.0784313725490196,-0.019607843137254832,0.02575932333717794,50
0.0784313725490196,-0.019607843137254832,0.02575932333717794,50
0.0784313725490196,-0.019607843137254832,0.02575932333717794,50
0.0784313725490196,-0.019607843137254832,0.02575932333717794,50
0.0784313725490196,-0.019607843137254832,0.02575932333717794,51
0.0784313725490196,-0.019607843137254832,0.02575932333717794,51
0.0784313725490196,-0.019607843137254832,0.02575932333717794,51
0.0784313725490196,-0.019607843137254832,0.02575932333717794,51
0.0784313725490196,-0.019607843137254832,0.02575932333717794,51
0.0784313725490196,-0.019607843137254832,0.02575932333717794,51
0.0784313725490196,-0.019607843137254832,0.02575932333717794,51
0.0784313725490196,-0.019607843137254832,0.02575932333717794,51
0.0784313725490196,-0.019607843137254832,0.02575932333717794,51
0.0784313725490196,-0.019607843137254832,0.02575932333717794,51
0.0784313725490196,-0.019607843137254832,0.02575932333717794,52
0.0784313725490196,-0.019607843137254832,0.02575932333717794,52
0.0784313725490196,-0.019607843137254832,0.02575932333717794,52
0.0784313725490196,-0.019607843137254832,0.02575932333717794,52
0.0784313725490196,-0.019607843137254832,0.02575932333717794,52
0.0784313725490196,-0.019607843137254832,0.02575932333717794,52
0.0784313725490196,-0.019607843137254832,0.02575932333717794,52
0.0784313725490196,-0.019607843137254832,0.02575932333717794,52
0.0784313725490196,-0.019607843137254832,0.02575932333717794,52
0.0784313725490196,-0.019607843137254832,0.02575932333717794,52
0.0784313725490196,-0.019607843137254832,0.02575932333717794,53
0.0784313725490196,-0.019607843137254832,0.02575932333717794,53
0.0784313725490196,-0.019607843137254832,0.02575932333717794,53
0.0784313725490196,-0.019607843137254832,0.02575932333717794,53
0.0784313725490196,-0.019607843137254832,0.02575932333717794,53
0.0784313725490196,-0.019607843137254832,0.02575932333717794,53
0.0784313725490196,-2.5686274509803924,2.5747789311803153,53
0.0784313725490196,-0.019607843137254832,0.02575932333717794,53
0.0784313725490196,-0.019607843137254832,0.02575932333717794,53
0.0784313725490196,-1.9803921568627452,1.9865436370626683,53
0.0784313725490196,-0.019607843137254832,0.02575932333717794,54
0.0784313725490196,-0.019607843137254832,0.02575932333717794,54
0.0784313725490196,-0.019607843137254832,0.02575932333717794,54
0.0784313725490196,-0.019607843137254832,0.02575932333717794,54
0.0784313725490196,-0.019607843137254832,0.02575932333717794,54
0.0784313725490196,-0.019607843137254832,0.02575932333717794,54
6.352941176470588,-0.019607843137254832,40.37946943483276,54
0.0784313725490196,-0.019607843137254832,0.02575932333717794,54
0.0784313725490196,-0.019607843137254832,0.02575932333717794,54
0.0784313725490196,-0.019607843137254832,0.02575932333717794,54
0.0784313725490196,-0.019607843137254832,0.02575932333717794,55
0.0784313725490196,-0.019607843137254832,0.02575932333717794,55
0.0784313725490196,-0.019607843137254832,0.02575932333717794,55
0.0784313725490196,-0.019607843137254832,0.02575932333717794,55
0.0784313725490196,-0.019607843137254832,0.02575932333717794,55
0.0784313725490196,-0.019607843137254832,0.02575932333717794,55
0.0784313725490196,-0.019607843137254832,0.02575932333717794,55
0.0784313725490196,-0.019607843137254832,0.02575932333717794,55
0.0784313725490196,-0.019607843137254832,0.02575932333717794,55
5.0588235294117645,-0.019607843137254832,25.611303344867355,55
0.0784313725490196,-0.019607843137254832,0.02575932333717794,56
0.0784313725490196,-0.019607843137254832,0.02575932333717794,56
0.0784313725490196,-0.019607843137254832,0.02575932333717794,56
0.0784313725490196,-0.019607843137254832,0.02575932333717794,56
0.39215686274509803,-0.019607843137254832,0.17339484813533249,56
0.0784313725490196,-0.019607843137254832,0.02575932333717794,56
0.0784313725490196,-0.019607843137254832,0.02575932333717794,56
0.23529411764705882,-0.019607843137254832,0.07497116493656279,56
0.0784313725490196,-0.019607843137254832,0.02575932333717794,56
0.0784313725490196,-0.019607843137254832,0.02575932333717794,56
0.0784313725490196,-0.019607843137254832,0.02575932333717794,57
0.0784313725490196,-0.019607843137254832,0.02575932333717794,57
0.0784313725490196,-0.019607843137254832,0.02575932333717794,57
0.0784313725490196,-2.5294117647058822,2.535563244905805,57
0.0784313725490196,-0.019607843137254832,0.02575932333717794,57
0.0784313725490196,-0.019607843137254832,0.02575932333717794,57
0.0784313725490196,-0.019607843137254832,0.02575932333717794,57
0.0784313725490196,-0.019607843137254832,0.02575932333717794,57
0.0784313725490196,-0.019607843137254832,0.02575932333717794,57
0.0784313725490196,-0.019607843137254832,0.02575932333717794,57
0.0784313725490196,-0.019607843137254832,0.02575932333717794,58
0.0784313725490196,-0.019607843137254832,0.02575932333717794,58
0.0784313725490196,-0.019607843137254832,0.02575932333717794,58
2.588235294117647,-0.019607843137254832,6.718569780853518,58
0.0784313725490196,-0.019607843137254832,0.02575932333717794,58
0.7058823529411765,-0.019607843137254832,0.5178777393310265,58
0.0784313725490196,-0.019607843137254832,0.02575932333717794,58
0.0784313725490196,-0.019607843137254832,0.02575932333717794,58
0.0784313725490196,4.921568627450981,4.927720107650904,58
0.0784313725490196,-0.019607843137254832,0.02575932333717794,58
0.0784313725490196,-0.019607843137254832,0.02575932333717794,59
0.0784313725490196,-0.019607843137254832,0.02575932333717794,59
0.0784313725490196,-0.019607843137254832,0.02575932333717794,59
0.0784313725490196,-0.019607843137254832,0.02575932333717794,59
0.0784313725490196,-0.019607843137254832,0.02575932333717794,59
0.0784313725490196,-0.019607843137254832,0.02575932333717794,59
0.0784313725490196,-0.019607843137254832,0.02575932333717794,59
0.0784313725490196,-0.019607843137254832,0.02575932333717794,59
0.0784313725490196,-0.019607843137254832,0.02575932333717794,59
0.0784313725490196,-0.019607843137254832,0.02575932333717794,59
0.0784313725490196,-0.019607843137254832,0.02575932333717794,60
0.0784313725490196,-0.019607843137254832,0.02575932333717794,60
0.0784313725490196,-0.019607843137254832,0.02575932333717794,60
0.0784313725490196,-0.019607843137254832,0.02575932333717794,60
0.0784313725490196,-0.019607843137254832,0.02575932333717794,60
0.0784313725490196,-0.019607843137254832,0.02575932333717794,60
0.0784313725490196,-0.019607843137254832,0.02575932333717794,60
0.0784313725490196,-0.019607843137254832,0.02575932333717794,60
0.0784313725490196,-0.019607843137254832,0.02575932333717794,60
0.0784313725490196,-0.019607843137254832,0.02575932333717794,60
1.3333333333333333,-0.019607843137254832,1.7973856209150325,61
0.0,-2.5294117647058822,2.5294117647058822,61
0.0784313725490196,-0.019607843137254832,0.02575932333717794,61
0.0784313725490196,-0.019607843137254832,0.02575932333717794,61
0.0784313725490196,-0.019607843137254832,0.02575932333717794,61
0.0784313725490196,-0.019607843137254832,0.02575932333717794,61
0.0784313725490196,-0.019607843137254832,0.02575932333717794,61
0.0784313725490196,-0.019607843137254832,0.02575932333717794,61
1.3333333333333333,-2.5294117647058822,4.30718954248366,61
0.0784313725490196,-0.019607843137254832,0.02575932333717794,61
0.0784313725490196,-0.019607843137254832,0.02575932333717794,62
0.0784313725490196,-0.019607843137254832,0.02575932333717794,62
0.0784313725490196,-0.019607843137254832,0.02575932333717794,62
0.0784313725490196,-0.019607843137254832,0.02575932333717794,62
0.0784313725490196,-0.019607843137254832,0.02575932333717794,62
0.0784313725490196,-0.019607843137254832,0.02575932333717794,62
5.7254901960784315,-0.019607843137254832,32.800845828527486,62
0.0784313725490196,-0.019607843137254832,0.02575932333717794,62
0.0784313725490196,-0.019607843137254832,0.02575932333717794,62
0.0784313725490196,-0.019607843137254832,0.02575932333717794,62
0.0784313725490196,-0.019607843137254832,0.02575932333717794,63
0.0784313725490196,-0.019607843137254832,0.02575932333717794,63
0.0784313725490196,-0.019607843137254832,0.02575932333717794,63
0.0784313725490196,-0.019607843137254832,0.02575932333717794,63
0.0784313725490196,-0.019607843137254832,0.02575932333717794,63
0.0784313725490196,-0.019607843137254832,0.02575932333717794,63
0.0784313725490196,-0.019607843137254832,0.02575932333717794,63
0.0784313725490196,-0.019607843137254832,0.02575932333717794,63
0.0784313725490196,-0.019607843137254832,0.02575932333717794,63
0.0784313725490196,-0.019607843137254832,0.02575932333717794,63
0.0784313725490196,-0.019607843137254832,0.02575932333717794,64
0.0784313725490196,-0.019607843137254832,0.02575932333717794,64
0.7058823529411765,-0.0588235294117645,0.5570934256055362,64
7.607843137254902,-0.09803921568627416,57.977316416762775,64
0.0784313725490196,-0.019607843137254832,0.02575932333717794,64
0.0784313725490196,-0.019607843137254832,0.02575932333717794,64
0.0784313725490196,-0.019607843137254832,0.02575932333717794,64
0.0784313725490196,-0.019607843137254832,0.02575932333717794,64
0.0784313725490196,-0.019607843137254832,0.02575932333717794,64
0.0784313725490196,-0.019607843137254832,0.02575932333717794,64
0.0784313725490196,-0.019607843137254832,0.02575932333717794,65
0.0784313725490196,-0.019607843137254832,0.02575932333717794,65
0.0784313725490196,-0.019607843137254832,0.02575932333717794,65
0.0784313725490196,-0.019607843137254832,0.02575932333717794,65
0.0784313725490196,-0.6470588235294121,0.6532103037293352,65
0.0784313725490196,-0.019607843137254832,0.02575932333717794,65
0.0784313725490196,-0.09803921568627416,0.10419069588619727,65
0.0784313725490196,-0.019607843137254832,0.02575932333717794,65
0.0784313725490196,-0.019607843137254832,0.02575932333717794,65
0.0784313725490196,-0.019607843137254832,0.02575932333717794,65
0.0784313725490196,-0.019607843137254832,0.02575932333717794,66
0.11764705882352941,-0.17647058823529438,0.19031141868512136,66
0.0784313725490196,-0.019607843137254832,0.02575932333717794,66
0.0784313725490196,-0.019607843137254832,0.02575932333717794,66
0.0784313725490196,-0.019607843137254832,0.02575932333717794,66
0.0784313725490196,-0.019607843137254832,0.02575932333717794,66
0.0784313725490196,-0.019607843137254832,0.02575932333717794,66
0.0784313725490196,-0.019607843137254832,0.02575932333717794,66
0.0784313725490196,-0.019607843137254832,0.02575932333717794,66
0.0784313725490196,-0.019607843137254832,0.02575932333717794,66
5.7254901960784315,-2.843137254901961,35.624375240292196,67
0.0784313725490196,-0.019607843137254832,0.02575932333717794,67
0.0784313725490196,-0.019607843137254832,0.02575932333717794,67
0.0784313725490196,-0.019607843137254832,0.02575932333717794,67
0.0784313725490196,-0.019607843137254832,0.02575932333717794,67
0.0784313725490196,-0.019607843137254832,0.02575932333717794,67
0.0784313725490196,-0.019607843137254832,0.02575932333717794,67
0.0784313725490196,-0.019607843137254832,0.02575932333717794,67
0.0784313725490196,-0.019607843137254832,0.02575932333717794,67
0.0784313725490196,-0.019607843137254832,0.02575932333717794,67
0.0784313725490196,-0.019607843137254832,0.02575932333717794,68
0.0784313725490196,-0.019607843137254832,0.02575932333717794,68
0.0784313725490196,-0.019607843137254832,0.02575932333717794,68
0.0784313725490196,-0.019607843137254832,0.02575932333717794,68
0.0784313725490196,-0.7254901960784315,0.7316416762783545,68
0.0784313725490196,-0.019607843137254832,0.02575932333717794,68
0.0784313725490196,-0.019607843137254832,0.02575932333717794,68
0.0784313725490196,-0.019607843137254832,0.02575932333717794,68
0.0784313725490196,-0.019607843137254832,0.02575932333717794,68
0.0784313725490196,-0.019607843137254832,0.02575932333717794,68
0.0784313725490196,-0.019607843137254832,0.02575932333717794,69
0.0784313725490196,-0.019607843137254832,0.02575932333717794,69
0.0,5.0,5.0,69
0.0784313725490196,-0.019607843137254832,0.02575932333717794,69
0.0784313725490196,-0.019607843137254832,0.02575932333717794,69
0.0784313725490196,-0.019607843137254832,0.02575932333717794,69
0.0784313725490196,-0.019607843137254832,0.02575932333717794,69
0.0784313725490196,-0.019607843137254832,0.02575932333717794,69
0.0784313725490196,-0.019607843137254832,0.02575932333717794,69
0.0784313725490196,-0.019607843137254832,0.02575932333717794,69
0.0784313725490196,-0.019607843137254832,0.02575932333717794,70
0.0784313725490196,-0.019607843137254832,0.02575932333717794,70
1.2549019607843137,-0.019607843137254832,1.5943867743175701,70
0.0784313725490196,-0.019607843137254832,0.02575932333717794,70
0.0784313725490196,-0.019607843137254832,0.02575932333717794,70
0.0784313725490196,-0.019607843137254832,0.02575932333717794,70
0.0784313725490196,-0.019607843137254832,0.02575932333717794,70
0.0784313725490196,-0.019607843137254832,0.02575932333717794,70
0.0784313725490196,-0.019607843137254832,0.02575932333717794,70
5.098039215686274,-0.09803921568627416,26.088043060361397,70
0.0784313725490196,-0.019607843137254832,0.02575932333717794,71
0.0784313725490196,-0.019607843137254832,0.02575932333717794,71
0.0784313725490196,-0.019607843137254832,0.02575932333717794,71
0.0784313725490196,-0.019607843137254832,0.02575932333717794,71
0.0784313725490196,-0.019607843137254832,0.02575932333717794,71
2.588235294117647,-0.6470588235294121,7.346020761245676,71
0.0784313725490196,-0.019607843137254832,0.02575932333717794,71
0.0784313725490196,-0.019607843137254832,0.02575932333717794,71
0.0784313725490196,-0.019607843137254832,0.02575932333717794,71
0.0784313725490196,-0.019607843137254832,0.02575932333717794,71
0.0784313725490196,-0.019607843137254832,0.02575932333717794,72
0.0784313725490196,-0.019607843137254832,0.02575932333717794,72
0.0784313725490196,-0.019607843137254832,0.02575932333717794,72
0.0784313725490196,-0.019607843137254832,0.02575932333717794,72
0.27450980392156865,-0.019607843137254832,0.0949634755863129,72
0.0,-0.019607843137254832,0.019607843137254832,72
0.0784313725490196,-0.019607843137254832,0.02575932333717794,72
0.0784313725490196,-0.019607843137254832,0.02575932333717794,72
0.0784313725490196,-0.019607843137254832,0.02575932333717794,72
0.0784313725490196,-0.019607843137254832,0.02575932333717794,72
0.0784313725490196,-0.019607843137254832,0.02575932333717794,73
0.0784313725490196,-0.019607843137254832,0.02575932333717794,73
0.23529411764705882,-0.0588235294117645,0.11418685121107246,73
0.0784313725490196,-0.019607843137254832,0.02575932333717794,73
0.0784313725490196,-0.019607843137254832,0.02575932333717794,73
0.0784313725490196,-0.019607843137254832,0.02575932333717794,73
0.0,-0.019607843137254832,0.019607843137254832,73
2.588235294117647,-0.019607843137254832,6.718569780853518,73
0.0784313725490196,-0.019607843137254832,0.02575932333717794,73
0.0784313725490196,-0.019607843137254832,0.02575932333717794,73
0.0,-0.019607843137254832,0.019607843137254832,74
0.0,-0.019607843137254832,0.019607843137254832,74
0.0784313725490196,-0.019607843137254832,0.02575932333717794,74
0.0,-0.019607843137254832,0.019607843137254832,74
0.0,-0.019607843137254832,0.019607843137254832,74
0.0,-0.019607843137254832,0.019607843137254832,74
0.0784313725490196,-0.019607843137254832,0.02575932333717794,74
0.0784313725490196,-0.019607843137254832,0.02575932333717794,74
0.0,-0.019607843137254832,0.019607843137254832,74
0.0,-0.019607843137254832,0.019607843137254832,74
0.0,-0.019607843137254832,0.019607843137254832,75
0.0,-0.019607843137254832,0.019607843137254832,75
0.0,-0.019607843137254832,0.019607843137254832,75
0.0,-0.019607843137254832,0.019607843137254832,75
0.0,-0.019607843137254832,0.019607843137254832,75
0.0,-0.019607843137254832,0.019607843137254832,75
0.7058823529411765,-0.019607843137254832,0.5178777393310265,75
0.0,-0.019607843137254832,0.019607843137254832,75
0.0,-0.019607843137254832,0.019607843137254832,75
0.0,-0.019607843137254832,0.019607843137254832,75
0.0,-0.019607843137254832,0.019607843137254832,76
0.0,-0.019607843137254832,0.019607843137254832,76
0.0,-0.019607843137254832,0.019607843137254832,76
0.0,-0.019607843137254832,0.019607843137254832,76
0.0,-0.019607843137254832,0.019607843137254832,76
0.0,-0.019607843137254832,0.019607843137254832,76
0.0,-0.019607843137254832,0.019607843137254832,76
0.23529411764705882,-0.019607843137254832,0.07497116493656279,76
0.0,-0.019607843137254832,0.019607843137254832,76
0.0,-0.019607843137254832,0.019607843137254832,76
0.0,-0.019607843137254832,0.019607843137254832,77
0.0,-0.019607843137254832,0.019607843137254832,77
0.0,-0.019607843137254832,0.019607843137254832,77
0.0,-0.019607843137254832,0.019607843137254832,77
0.0,-0.019607843137254832,0.019607843137254832,77
0.0,-0.019607843137254832,0.019607843137254832,77
0.0,-0.019607843137254832,0.019607843137254832,77
0.0,-0.019607843137254832,0.019607843137254832,77
0.0,-0.019607843137254832,0.019607843137254832,77
0.0,-0.019607843137254832,0.019607843137254832,77
0.0,-0.019607843137254832,0.019607843137254832,78
0.0,-0.019607843137254832,0.019607843137254832,78
0.0,-0.019607843137254832,0.019607843137254832,78
0.0,-0.019607843137254832,0.019607843137254832,78
0.0,-0.019607843137254832,0.019607843137254832,78
0.0,-0.019607843137254832,0.019607843137254832,78
0.0,-0.019607843137254832,0.019607843137254832,78
0.0,-0.019607843137254832,0.019607843137254832,78
0.0,-0.019607843137254832,0.019607843137254832,78
0.0,-0.019607843137254832,0.019607843137254832,78
0.0,-0.019607843137254832,0.019607843137254832,79
0.0,-0.019607843137254832,0.019607843137254832,79
0.0,-0.019607843137254832,0.019607843137254832,79
0.0,-0.019607843137254832,0.019607843137254832,79
0.0,-0.019607843137254832,0.019607843137254832,79
0.0,-0.019607843137254832,0.019607843137254832,79
0.0,-0.019607843137254832,0.019607843137254832,79
0.0,-0.019607843137254832,0.019607843137254832,79
0.0,-0.019607843137254832,0.019607843137254832,79
0.0,-0.019607843137254832,0.019607843137254832,79
0.0,-0.019607843137254832,0.019607843137254832,80
0.0,-0.019607843137254832,0.019607843137254832,80
0.0,-0.019607843137254832,0.019607843137254832,80
0.0,-0.019607843137254832,0.019607843137254832,80
5.019607843137255,-0.09803921568627416,25.29450211457132,80
0.0,-0.019607843137254832,0.019607843137254832,80
0.0,-0.019607843137254832,0.019607843137254832,80
0.0,-0.019607843137254832,0.019607843137254832,80
0.0,-0.019607843137254832,0.019607843137254832,80
0.0,-0.019607843137254832,0.019607843137254832,80
0.0,-0.019607843137254832,0.019607843137254832,81
0.0,-0.019607843137254832,0.019607843137254832,81
0.0,-0.019607843137254832,0.019607843137254832,81
0.0,-0.019607843137254832,0.019607843137254832,81
0.0,-0.019607843137254832,0.019607843137254832,81
0.0,-0.019607843137254832,0.019607843137254832,81
0.0,-0.019607843137254832,0.019607843137254832,81
0.0,-0.019607843137254832,0.019607843137254832,81
0.0,-0.019607843137254832,0.019607843137254832,81
0.0,-0.019607843137254832,0.019607843137254832,81
0.0,-0.019607843137254832,0.019607843137254832,82
0.0,-0.019607843137254832,0.019607843137254832,82
0.0,-0.019607843137254832,0.019607843137254832,82
0.0,-0.019607843137254832,0.019607843137254832,82
0.0,-0.019607843137254832,0.019607843137254832,82
0.0,-0.019607843137254832,0.019607843137254832,82
0.0,-0.019607843137254832,0.019607843137254832,82
0.0,-0.019607843137254832,0.019607843137254832,82
0.1568627450980392,-0.17647058823529438,0.2010765090349868,82
0.0,-0.019607843137254832,0.019607843137254832,82
0.0,-0.019607843137254832,0.019607843137254832,83
0.0,-0.019607843137254832,0.019607843137254832,83
0.0,-0.019607843137254832,0.019607843137254832,83
0.0,-0.019607843137254832,0.019607843137254832,83
0.0,-0.019607843137254832,0.019607843137254832,83
0.0,-0.019607843137254832,0.019607843137254832,83
5.019607843137255,-0.019607843137254832,25.2160707420223,83
0.0,-0.019607843137254832,0.019607843137254832,83
0.0,-0.019607843137254832,0.019607843137254832,83
0.0,-0.33333333333333304,0.33333333333333304,83
0.0,-0.019607843137254832,0.019607843137254832,84
0.0,-0.019607843137254832,0.019607843137254832,84
0.0,-0.019607843137254832,0.019607843137254832,84
0.0,-0.019607843137254832,0.019607843137254832,84
0.0,-0.019607843137254832,0.019607843137254832,84
0.0,-0.019607843137254832,0.019607843137254832,84
0.0,-0.019607843137254832,0.019607843137254832,84
0.0,-0.019607843137254832,0.019607843137254832,84
0.0,-0.019607843137254832,0.019607843137254832,84
0.0,-0.019607843137254832,0.019607843137254832,84
0.0,-0.019607843137254832,0.019607843137254832,85
0.0,-0.019607843137254832,0.019607843137254832,85
0.0,-0.019607843137254832,0.019607843137254832,85
0.0,-0.019607843137254832,0.019607843137254832,85
0.0,-0.019607843137254832,0.019607843137254832,85
0.0,-0.019607843137254832,0.019607843137254832,85
0.0,-0.019607843137254832,0.019607843137254832,85
0.0,-0.019607843137254832,0.019607843137254832,85
0.0,-0.019607843137254832,0.019607843137254832,85
0.0,-0.019607843137254832,0.019607843137254832,85
0.0,-0.019607843137254832,0.019607843137254832,86
0.0,-0.019607843137254832,0.019607843137254832,86
0.0,-0.019607843137254832,0.019607843137254832,86
0.0,-0.019607843137254832,0.019607843137254832,86
0.0,-0.019607843137254832,0.019607843137254832,86
0.0,-0.019607843137254832,0.019607843137254832,86
0.0,-0.019607843137254832,0.019607843137254832,86
0.0,-0.019607843137254832,0.019607843137254832,86
0.0,-0.019607843137254832,0.019607843137254832,86
0.0,-0.019607843137254832,0.019607843137254832,86
0.0,-0.019607843137254832,0.019607843137254832,87
0.0,-0.019607843137254832,0.019607843137254832,87
0.0,-0.019607843137254832,0.019607843137254832,87
0.0,-0.019607843137254832,0.019607843137254832,87
0.0,-0.019607843137254832,0.019607843137254832,87
0.0,-0.019607843137254832,0.019607843137254832,87
0.0,-0.019607843137254832,0.019607843137254832,87
0.0,-0.019607843137254832,0.019607843137254832,87
0.0,-0.019607843137254832,0.019607843137254832,87
0.0,-0.019607843137254832,0.019607843137254832,87
0.0,-0.019607843137254832,0.019607843137254832,88
2.5098039215686274,-0.09803921568627416,6.397154940407535,88
0.3137254901960784,-0.019607843137254832,0.11803152633602454,88
0.0,-0.019607843137254832,0.019607843137254832,88
0.0,-0.019607843137254832,0.019607843137254832,88
0.1568627450980392,-0.019607843137254832,0.04421376393694726,88
0.0,-0.019607843137254832,0.019607843137254832,88
0.0,-0.019607843137254832,0.019607843137254832,88
0.0,-0.019607843137254832,0.019607843137254832,88
0.0,-0.019607843137254832,0.019607843137254832,88
0.0,-0.019607843137254832,0.019607843137254832,89
0.0,-0.019607843137254832,0.019607843137254832,89
0.0,-0.019607843137254832,0.019607843137254832,89
0.0,-0.019607843137254832,0.019607843137254832,89
0.0,-0.019607843137254832,0.019607843137254832,89
0.0,-0.019607843137254832,0.019607843137254832,89
0.0,-0.019607843137254832,0.019607843137254832,89
0.0,-0.019607843137254832,0.019607843137254832,89
0.0,-0.019607843137254832,0.019607843137254832,89
0.0,-0.019607843137254832,0.019607843137254832,89
0.0,-0.019607843137254832,0.019607843137254832,90
0.0,-0.019607843137254832,0.019607843137254832,90
0.0,-0.019607843137254832,0.019607843137254832,90
0.0,-0.0588235294117645,0.0588235294117645,90
0.0,-0.019607843137254832,0.019607843137254832,90
0.0,-0.019607843137254832,0.019607843137254832,90
0.0,-0.019607843137254832,0.019607843137254832,90
0.0,-0.019607843137254832,0.019607843137254832,90
0.0,-0.019607843137254832,0.019607843137254832,90
0.0,-0.019607843137254832,0.019607843137254832,90
0.0,-0.019607843137254832,0.019607843137254832,91
0.0,-0.019607843137254832,0.019607843137254832,91
0.0,-0.019607843137254832,0.019607843137254832,91
0.0,-0.019607843137254832,0.019607843137254832,91
0.0,-2.5294117647058822,2.5294117647058822,91
0.0,-0.019607843137254832,0.019607843137254832,91
0.0,-0.019607843137254832,0.019607843137254832,91
0.0,-0.019607843137254832,0.019607843137254832,91
0.0,-0.019607843137254832,0.019607843137254832,91
0.0,-0.019607843137254832,0.019607843137254832,91
0.0,-0.019607843137254832,0.019607843137254832,92
0.0,-0.019607843137254832,0.019607843137254832,92
0.0,-0.019607843137254832,0.019607843137254832,92
0.0,-0.019607843137254832,0.019607843137254832,92
0.0,-0.019607843137254832,0.019607843137254832,92
0.0,-0.019607843137254832,0.019607843137254832,92
0.0,-0.019607843137254832,0.019607843137254832,92
0.0,-0.019607843137254832,0.019607843137254832,92
0.0,-0.019607843137254832,0.019607843137254832,92
0.0,-0.019607843137254832,0.019607843137254832,92
0.0,-0.019607843137254832,0.019607843137254832,93
0.0,-0.019607843137254832,0.019607843137254832,93
0.3137254901960784,-2.843137254901961,2.9415609381007304,93
0.0,-0.019607843137254832,0.019607843137254832,93
0.0,-0.019607843137254832,0.019607843137254832,93
0.0784313725490196,-0.019607843137254832,0.02575932333717794,93
5.7254901960784315,-0.33333333333333304,33.11457131872357,93
0.0,-0.019607843137254832,0.019607843137254832,93
0.0,-0.019607843137254832,0.019607843137254832,93
0.0,-0.019607843137254832,0.019607843137254832,93
0.0,-0.019607843137254832,0.019607843137254832,94
0.0,-0.019607843137254832,0.019607843137254832,94
0.0,-0.019607843137254832,0.019607843137254832,94
0.0,-0.019607843137254832,0.019607843137254832,94
0.0,-0.019607843137254832,0.019607843137254832,94
0.0,-0.019607843137254832,0.019607843137254832,94
0.0,-0.019607843137254832,0.019607843137254832,94
0.0,-0.019607843137254832,0.019607843137254832,94
0.0,-0.019607843137254832,0.019607843137254832,94
0.0,-0.019607843137254832,0.019607843137254832,94
0.1568627450980392,-0.019607843137254832,0.04421376393694726,95
0.0,-0.019607843137254832,0.019607843137254832,95
0.0,-0.019607843137254832,0.019607843137254832,95
0.0,-0.019607843137254832,0.019607843137254832,95
0.0,-0.019607843137254832,0.019607843137254832,95
0.0,-0.019607843137254832,0.019607843137254832,95
0.0,-0.019607843137254832,0.019607843137254832,95
0.0,-0.019607843137254832,0.019607843137254832,95
0.0,-0.019607843137254832,0.019607843137254832,95
0.0,-0.019607843137254832,0.019607843137254832,95
0.0,-0.019607843137254832,0.019607843137254832,96
0.0,-0.019607843137254832,0.019607843137254832,96
0.0,-0.019607843137254832,0.019607843137254832,96
0.0,-0.09803921568627416,0.09803921568627416,96
0.0,-0.019607843137254832,0.019607843137254832,96
0.0,-0.019607843137254832,0.019607843137254832,96
0.0,-0.019607843137254832,0.019607843137254832,96
0.0,-0.019607843137254832,0.019607843137254832,96
0.0,-0.019607843137254832,0.019607843137254832,96
0.0,-0.019607843137254832,0.019607843137254832,96
0.0,-0.019607843137254832,0.019607843137254832,97
0.0,-0.019607843137254832,0.019607843137254832,97
0.0,-0.019607843137254832,0.019607843137254832,97
0.0,-0.019607843137254832,0.019607843137254832,97
0.0,-0.019607843137254832,0.019607843137254832,97
0.0,-0.019607843137254832,0.019607843137254832,97
0.0,5.0,5.0,97
0.6274509803921569,-1.2745098039215685,1.6682045367166474,97
0.0,-0.019607843137254832,0.019607843137254832,97
0.0,-0.019607843137254832,0.019607843137254832,97
0.0,-0.019607843137254832,0.019607843137254832,98
0.1568627450980392,-0.0588235294117645,0.08342945021145692,98
0.0,-0.019607843137254832,0.019607843137254832,98
0.0,-0.019607843137254832,0.019607843137254832,98
0.0,-0.019607843137254832,0.019607843137254832,98
0.0,-0.019607843137254832,0.019607843137254832,98
0.0,-0.019607843137254832,0.019607843137254832,98
0.0,-0.019607843137254832,0.019607843137254832,98
0.0,-0.019607843137254832,0.019607843137254832,98
0.0,-0.019607843137254832,0.019607843137254832,98
0.0,-0.019607843137254832,0.019607843137254832,99
0.0,-0.019607843137254832,0.019607843137254832,99
0.0,-0.019607843137254832,0.019607843137254832,99
0.0,-0.019607843137254832,0.019607843137254832,99
0.0,-0.019607843137254832,0.019607843137254832,99
0.0,-0.019607843137254832,0.019607843137254832,99
0.0,-0.019607843137254832,0.019607843137254832,99
0.0,-0.019607843137254832,0.019607843137254832,99
5.019607843137255,-0.019607843137254832,25.2160707420223,99
0.0,-0.019607843137254832,0.019607843137254832,99
